regime,cmin_bps,site_cost,break_even_R
deployed,1000.0,0.0,2.065
deployed,2154.4346900318847,0.0,2.005
deployed,4641.588833612777,0.0,1.91
deployed,10000.0,0.0,1.864
deployed,21544.346900318822,0.0,1.841
deployed,46415.888336127726,0.0,1.782
deployed,100000.0,0.0,1.737
deployed,215443.46900318822,0.0,1.699
deployed,464158.8833612772,0.0,1.662
deployed,1000000.0,0.0,1.643
deployed,2154434.6900318824,0.0,1.791
deployed,4641588.833612773,0.0,2.017
deployed,10000000.0,0.0,2.408
deployed,1000.0,1.0,3.157
deployed,2154.4346900318847,1.0,3.032
deployed,4641.588833612777,1.0,2.856
deployed,10000.0,1.0,2.736
deployed,21544.346900318822,1.0,2.651
deployed,46415.888336127726,1.0,2.584
deployed,100000.0,1.0,2.493
deployed,215443.46900318822,1.0,2.418
deployed,464158.8833612772,1.0,2.321
deployed,1000000.0,1.0,2.311
deployed,2154434.6900318824,1.0,2.598
deployed,4641588.833612773,1.0,3.044
deployed,10000000.0,1.0,3.815
deployed,1000.0,2.0,4.25
deployed,2154.4346900318847,2.0,4.059
deployed,4641.588833612777,2.0,3.803
deployed,10000.0,2.0,3.608
deployed,21544.346900318822,2.0,3.438
deployed,46415.888336127726,2.0,3.358
deployed,100000.0,2.0,3.209
deployed,215443.46900318822,2.0,3.138
deployed,464158.8833612772,2.0,2.971
deployed,1000000.0,2.0,2.916
deployed,2154434.6900318824,2.0,3.357
deployed,4641588.833612773,2.0,3.955
deployed,10000000.0,2.0,4.758
deployed,1000.0,3.0,5.344
deployed,2154.4346900318847,3.0,5.088
deployed,4641.588833612777,3.0,4.749
deployed,10000.0,3.0,4.48
deployed,21544.346900318822,3.0,4.225
deployed,46415.888336127726,3.0,4.132
deployed,100000.0,3.0,3.925
deployed,215443.46900318822,3.0,3.858
deployed,464158.8833612772,3.0,3.597
deployed,1000000.0,3.0,3.471
deployed,2154434.6900318824,3.0,4.01
deployed,4641588.833612773,3.0,4.556
deployed,10000000.0,3.0,5.339
deployed,1000.0,4.0,6.435
deployed,2154.4346900318847,4.0,6.116
deployed,4641.588833612777,4.0,5.695
deployed,10000.0,4.0,5.351
deployed,21544.346900318822,4.0,5.012
deployed,46415.888336127726,4.0,4.883
deployed,100000.0,4.0,4.641
deployed,215443.46900318822,4.0,4.556
deployed,464158.8833612772,4.0,4.208
deployed,1000000.0,4.0,4.012
deployed,2154434.6900318824,4.0,4.489
deployed,4641588.833612773,4.0,5.01
deployed,10000000.0,4.0,5.785
deployed,1000.0,5.0,7.529
deployed,2154.4346900318847,5.0,7.144
deployed,4641.588833612777,5.0,6.64
deployed,10000.0,5.0,6.226
deployed,21544.346900318822,5.0,5.799
deployed,46415.888336127726,5.0,5.634
deployed,100000.0,5.0,5.356
deployed,215443.46900318822,5.0,5.234
deployed,464158.8833612772,5.0,4.817
deployed,1000000.0,5.0,4.546
deployed,2154434.6900318824,5.0,4.901
deployed,4641588.833612773,5.0,5.361
deployed,10000000.0,5.0,6.119
deployed,1000.0,6.0,8.621
deployed,2154.4346900318847,6.0,8.175
deployed,4641.588833612777,6.0,7.588
deployed,10000.0,6.0,7.096
deployed,21544.346900318822,6.0,6.586
deployed,46415.888336127726,6.0,6.387
deployed,100000.0,6.0,6.072
deployed,215443.46900318822,6.0,5.902
deployed,464158.8833612772,6.0,5.412
deployed,1000000.0,6.0,5.051
deployed,2154434.6900318824,6.0,5.268
deployed,4641588.833612773,6.0,5.697
deployed,10000000.0,6.0,6.377
deployed,1000.0,7.0,9.714
deployed,2154.4346900318847,7.0,9.206
deployed,4641.588833612777,7.0,8.533
deployed,10000.0,7.0,7.968
deployed,21544.346900318822,7.0,7.373
deployed,46415.888336127726,7.0,7.14
deployed,100000.0,7.0,6.786
deployed,215443.46900318822,7.0,6.569
deployed,464158.8833612772,7.0,5.992
deployed,1000000.0,7.0,5.548
deployed,2154434.6900318824,7.0,5.612
deployed,4641588.833612773,7.0,5.994
deployed,10000000.0,7.0,6.601
deployed,1000.0,8.0,10.805
deployed,2154.4346900318847,8.0,10.234
deployed,4641.588833612777,8.0,9.481
deployed,10000.0,8.0,8.843
deployed,21544.346900318822,8.0,8.16
deployed,46415.888336127726,8.0,7.89
deployed,100000.0,8.0,7.505
deployed,215443.46900318822,8.0,7.237
deployed,464158.8833612772,8.0,6.565
deployed,1000000.0,8.0,6.031
deployed,2154434.6900318824,8.0,5.926
deployed,4641588.833612773,8.0,6.262
deployed,10000000.0,8.0,6.813
deployed,1000.0,9.0,11.898
deployed,2154.4346900318847,9.0,11.264
deployed,4641.588833612777,9.0,10.43
deployed,10000.0,9.0,9.711
deployed,21544.346900318822,9.0,8.947
deployed,46415.888336127726,9.0,8.643
deployed,100000.0,9.0,8.219
deployed,215443.46900318822,9.0,7.909
deployed,464158.8833612772,9.0,7.144
deployed,1000000.0,9.0,6.511
deployed,2154434.6900318824,9.0,6.223
deployed,4641588.833612773,9.0,6.508
deployed,10000000.0,9.0,7.006
deployed,1000.0,10.0,12.99
deployed,2154.4346900318847,10.0,12.293
deployed,4641.588833612777,10.0,11.376
deployed,10000.0,10.0,10.586
deployed,21544.346900318822,10.0,9.733
deployed,46415.888336127726,10.0,9.396
deployed,100000.0,10.0,8.918
deployed,215443.46900318822,10.0,8.577
deployed,464158.8833612772,10.0,7.697
deployed,1000000.0,10.0,6.976
deployed,2154434.6900318824,10.0,6.516
deployed,4641588.833612773,10.0,6.728
deployed,10000000.0,10.0,7.166
deployed,1000.0,11.0,14.088
deployed,2154.4346900318847,11.0,13.322
deployed,4641.588833612777,11.0,12.317
deployed,10000.0,11.0,11.459
deployed,21544.346900318822,11.0,10.527
deployed,46415.888336127726,11.0,10.146
deployed,100000.0,11.0,9.612
deployed,215443.46900318822,11.0,9.234
deployed,464158.8833612772,11.0,8.229
deployed,1000000.0,11.0,7.439
deployed,2154434.6900318824,11.0,6.784
deployed,4641588.833612773,11.0,6.93
deployed,10000000.0,11.0,7.317
deployed,1000.0,12.0,15.181
deployed,2154.4346900318847,12.0,14.351
deployed,4641.588833612777,12.0,13.268
deployed,10000.0,12.0,12.332
deployed,21544.346900318822,12.0,11.317
deployed,46415.888336127726,12.0,10.898
deployed,100000.0,12.0,10.312
deployed,215443.46900318822,12.0,9.885
deployed,464158.8833612772,12.0,8.745
deployed,1000000.0,12.0,7.902
deployed,2154434.6900318824,12.0,7.049
deployed,4641588.833612773,12.0,7.118
deployed,10000000.0,12.0,7.437
deployed,1000.0,13.0,16.273
deployed,2154.4346900318847,13.0,15.381
deployed,4641.588833612777,13.0,14.21
deployed,10000.0,13.0,13.205
deployed,21544.346900318822,13.0,12.108
deployed,46415.888336127726,13.0,11.649
deployed,100000.0,13.0,11.005
deployed,215443.46900318822,13.0,10.536
deployed,464158.8833612772,13.0,9.249
deployed,1000000.0,13.0,8.343
deployed,2154434.6900318824,13.0,7.313
deployed,4641588.833612773,13.0,7.291
deployed,10000000.0,13.0,7.544
deployed,1000.0,14.0,17.366
deployed,2154.4346900318847,14.0,16.41
deployed,4641.588833612777,14.0,15.156
deployed,10000.0,14.0,14.083
deployed,21544.346900318822,14.0,12.903
deployed,46415.888336127726,14.0,12.405
deployed,100000.0,14.0,11.703
deployed,215443.46900318822,14.0,11.186
deployed,464158.8833612772,14.0,9.756
deployed,1000000.0,14.0,8.784
deployed,2154434.6900318824,14.0,7.556
deployed,4641588.833612773,14.0,7.447
deployed,10000000.0,14.0,7.634
deployed,1000.0,15.0,18.459
deployed,2154.4346900318847,15.0,17.439
deployed,4641.588833612777,15.0,16.107
deployed,10000.0,15.0,14.961
deployed,21544.346900318822,15.0,13.693
deployed,46415.888336127726,15.0,13.156
deployed,100000.0,15.0,12.4
deployed,215443.46900318822,15.0,11.829
deployed,464158.8833612772,15.0,10.26
deployed,1000000.0,15.0,9.212
deployed,2154434.6900318824,15.0,7.793
deployed,4641588.833612773,15.0,7.602
deployed,10000000.0,15.0,7.707
deployed,1000.0,16.0,19.554
deployed,2154.4346900318847,16.0,18.468
deployed,4641.588833612777,16.0,17.049
deployed,10000.0,16.0,15.834
deployed,21544.346900318822,16.0,14.488
deployed,46415.888336127726,16.0,13.907
deployed,100000.0,16.0,13.093
deployed,215443.46900318822,16.0,12.468
deployed,464158.8833612772,16.0,10.758
deployed,1000000.0,16.0,9.643
deployed,2154434.6900318824,16.0,8.031
deployed,4641588.833612773,16.0,7.773
deployed,10000000.0,16.0,7.797
deployed,1000.0,17.0,20.649
deployed,2154.4346900318847,17.0,19.5
deployed,4641.588833612777,17.0,18.0
deployed,10000.0,17.0,16.712
deployed,21544.346900318822,17.0,15.278
deployed,46415.888336127726,17.0,14.659
deployed,100000.0,17.0,13.786
deployed,215443.46900318822,17.0,13.098
deployed,464158.8833612772,17.0,11.244
deployed,1000000.0,17.0,10.019
deployed,2154434.6900318824,17.0,8.265
deployed,4641588.833612773,17.0,7.934
deployed,10000000.0,17.0,7.9
deployed,1000.0,18.0,21.728
deployed,2154.4346900318847,18.0,20.518
deployed,4641.588833612777,18.0,18.946
deployed,10000.0,18.0,17.59
deployed,21544.346900318822,18.0,16.064
deployed,46415.888336127726,18.0,15.41
deployed,100000.0,18.0,14.473
deployed,215443.46900318822,18.0,13.722
deployed,464158.8833612772,18.0,11.727
deployed,1000000.0,18.0,10.375
deployed,2154434.6900318824,18.0,8.502
deployed,4641588.833612773,18.0,8.092
deployed,10000000.0,18.0,7.997
deployed,1000.0,19.0,22.821
deployed,2154.4346900318847,19.0,21.552
deployed,4641.588833612777,19.0,19.893
deployed,10000.0,19.0,18.463
deployed,21544.346900318822,19.0,16.859
deployed,46415.888336127726,19.0,16.166
deployed,100000.0,19.0,15.166
deployed,215443.46900318822,19.0,14.346
deployed,464158.8833612772,19.0,12.21
deployed,1000000.0,19.0,10.721
deployed,2154434.6900318824,19.0,8.733
deployed,4641588.833612773,19.0,8.243
deployed,10000000.0,19.0,8.08
deployed,1000.0,20.0,23.914
deployed,2154.4346900318847,20.0,22.577
deployed,4641.588833612777,20.0,20.84
deployed,10000.0,20.0,19.339
deployed,21544.346900318822,20.0,17.649
deployed,46415.888336127726,20.0,16.912
deployed,100000.0,20.0,15.859
deployed,215443.46900318822,20.0,14.971
deployed,464158.8833612772,20.0,12.693
deployed,1000000.0,20.0,11.068
deployed,2154434.6900318824,20.0,8.957
deployed,4641588.833612773,20.0,8.392
deployed,10000000.0,20.0,8.156
matched,1000.0,0.0,2.065
matched,2154.4346900318847,0.0,2.005
matched,4641.588833612777,0.0,1.91
matched,10000.0,0.0,1.864
matched,21544.346900318822,0.0,1.787
matched,46415.888336127726,0.0,1.709
matched,100000.0,0.0,1.621
matched,215443.46900318822,0.0,1.565
matched,464158.8833612772,0.0,1.398
matched,1000000.0,0.0,1.247
matched,2154434.6900318824,0.0,1.152
matched,4641588.833612773,0.0,1.072
matched,10000000.0,0.0,1.021
matched,1000.0,1.0,3.157
matched,2154.4346900318847,1.0,3.032
matched,4641.588833612777,1.0,2.856
matched,10000.0,1.0,2.736
matched,21544.346900318822,1.0,2.573
matched,46415.888336127726,1.0,2.46
matched,100000.0,1.0,2.263
matched,215443.46900318822,1.0,2.14
matched,464158.8833612772,1.0,1.831
matched,1000000.0,1.0,1.51
matched,2154434.6900318824,1.0,1.329
matched,4641588.833612773,1.0,1.147
matched,10000000.0,1.0,1.047
matched,1000.0,2.0,4.25
matched,2154.4346900318847,2.0,4.059
matched,4641.588833612777,2.0,3.803
matched,10000.0,2.0,3.608
matched,21544.346900318822,2.0,3.36
matched,46415.888336127726,2.0,3.212
matched,100000.0,2.0,2.905
matched,215443.46900318822,2.0,2.71
matched,464158.8833612772,2.0,2.258
matched,1000000.0,2.0,1.772
matched,2154434.6900318824,2.0,1.511
matched,4641588.833612773,2.0,1.235
matched,10000000.0,2.0,1.068
matched,1000.0,3.0,5.344
matched,2154.4346900318847,3.0,5.088
matched,4641.588833612777,3.0,4.749
matched,10000.0,3.0,4.48
matched,21544.346900318822,3.0,4.149
matched,46415.888336127726,3.0,3.964
matched,100000.0,3.0,3.547
matched,215443.46900318822,3.0,3.276
matched,464158.8833612772,3.0,2.677
matched,1000000.0,3.0,2.061
matched,2154434.6900318824,3.0,1.678
matched,4641588.833612773,3.0,1.335
matched,10000000.0,3.0,1.109
matched,1000.0,4.0,6.435
matched,2154.4346900318847,4.0,6.116
matched,4641.588833612777,4.0,5.695
matched,10000.0,4.0,5.351
matched,21544.346900318822,4.0,4.935
matched,46415.888336127726,4.0,4.716
matched,100000.0,4.0,4.189
matched,215443.46900318822,4.0,3.842
matched,464158.8833612772,4.0,3.096
matched,1000000.0,4.0,2.333
matched,2154434.6900318824,4.0,1.871
matched,4641588.833612773,4.0,1.416
matched,10000000.0,4.0,1.159
matched,1000.0,5.0,7.529
matched,2154.4346900318847,5.0,7.144
matched,4641.588833612777,5.0,6.64
matched,10000.0,5.0,6.226
matched,21544.346900318822,5.0,5.721
matched,46415.888336127726,5.0,5.468
matched,100000.0,5.0,4.836
matched,215443.46900318822,5.0,4.406
matched,464158.8833612772,5.0,3.516
matched,1000000.0,5.0,2.599
matched,2154434.6900318824,5.0,2.053
matched,4641588.833612773,5.0,1.508
matched,10000000.0,5.0,1.224
matched,1000.0,6.0,8.621
matched,2154.4346900318847,6.0,8.175
matched,4641.588833612777,6.0,7.588
matched,10000.0,6.0,7.096
matched,21544.346900318822,6.0,6.508
matched,46415.888336127726,6.0,6.221
matched,100000.0,6.0,5.485
matched,215443.46900318822,6.0,4.969
matched,464158.8833612772,6.0,3.934
matched,1000000.0,6.0,2.863
matched,2154434.6900318824,6.0,2.225
matched,4641588.833612773,6.0,1.599
matched,10000000.0,6.0,1.287
matched,1000.0,7.0,9.714
matched,2154.4346900318847,7.0,9.206
matched,4641.588833612777,7.0,8.533
matched,10000.0,7.0,7.968
matched,21544.346900318822,7.0,7.298
matched,46415.888336127726,7.0,6.971
matched,100000.0,7.0,6.136
matched,215443.46900318822,7.0,5.534
matched,464158.8833612772,7.0,4.353
matched,1000000.0,7.0,3.128
matched,2154434.6900318824,7.0,2.391
matched,4641588.833612773,7.0,1.699
matched,10000000.0,7.0,1.345
matched,1000.0,8.0,10.805
matched,2154.4346900318847,8.0,10.234
matched,4641.588833612777,8.0,9.481
matched,10000.0,8.0,8.843
matched,21544.346900318822,8.0,8.085
matched,46415.888336127726,8.0,7.724
matched,100000.0,8.0,6.784
matched,215443.46900318822,8.0,6.099
matched,464158.8833612772,8.0,4.774
matched,1000000.0,8.0,3.392
matched,2154434.6900318824,8.0,2.556
matched,4641588.833612773,8.0,1.811
matched,10000000.0,8.0,1.406
matched,1000.0,9.0,11.898
matched,2154.4346900318847,9.0,11.264
matched,4641.588833612777,9.0,10.43
matched,10000.0,9.0,9.711
matched,21544.346900318822,9.0,8.872
matched,46415.888336127726,9.0,8.477
matched,100000.0,9.0,7.434
matched,215443.46900318822,9.0,6.657
matched,464158.8833612772,9.0,5.193
matched,1000000.0,9.0,3.657
matched,2154434.6900318824,9.0,2.722
matched,4641588.833612773,9.0,1.91
matched,10000000.0,9.0,1.461
matched,1000.0,10.0,12.99
matched,2154.4346900318847,10.0,12.293
matched,4641.588833612777,10.0,11.376
matched,10000.0,10.0,10.586
matched,21544.346900318822,10.0,9.66
matched,46415.888336127726,10.0,9.228
matched,100000.0,10.0,8.085
matched,215443.46900318822,10.0,7.217
matched,464158.8833612772,10.0,5.612
matched,1000000.0,10.0,3.922
matched,2154434.6900318824,10.0,2.884
matched,4641588.833612773,10.0,1.996
matched,10000000.0,10.0,1.516
matched,1000.0,11.0,14.088
matched,2154.4346900318847,11.0,13.322
matched,4641.588833612777,11.0,12.317
matched,10000.0,11.0,11.459
matched,21544.346900318822,11.0,10.454
matched,46415.888336127726,11.0,9.981
matched,100000.0,11.0,8.733
matched,215443.46900318822,11.0,7.778
matched,464158.8833612772,11.0,6.026
matched,1000000.0,11.0,4.186
matched,2154434.6900318824,11.0,3.04
matched,4641588.833612773,11.0,2.087
matched,10000000.0,11.0,1.564
matched,1000.0,12.0,15.181
matched,2154.4346900318847,12.0,14.351
matched,4641.588833612777,12.0,13.268
matched,10000.0,12.0,12.332
matched,21544.346900318822,12.0,11.244
matched,46415.888336127726,12.0,10.732
matched,100000.0,12.0,9.381
matched,215443.46900318822,12.0,8.338
matched,464158.8833612772,12.0,6.44
matched,1000000.0,12.0,4.451
matched,2154434.6900318824,12.0,3.191
matched,4641588.833612773,12.0,2.17
matched,10000000.0,12.0,1.608
matched,1000.0,13.0,16.273
matched,2154.4346900318847,13.0,15.381
matched,4641.588833612777,13.0,14.21
matched,10000.0,13.0,13.205
matched,21544.346900318822,13.0,12.034
matched,46415.888336127726,13.0,11.483
matched,100000.0,13.0,10.029
matched,215443.46900318822,13.0,8.896
matched,464158.8833612772,13.0,6.854
matched,1000000.0,13.0,4.715
matched,2154434.6900318824,13.0,3.343
matched,4641588.833612773,13.0,2.259
matched,10000000.0,13.0,1.652
matched,1000.0,14.0,17.366
matched,2154.4346900318847,14.0,16.41
matched,4641.588833612777,14.0,15.156
matched,10000.0,14.0,14.083
matched,21544.346900318822,14.0,12.829
matched,46415.888336127726,14.0,12.234
matched,100000.0,14.0,10.683
matched,215443.46900318822,14.0,9.457
matched,464158.8833612772,14.0,7.271
matched,1000000.0,14.0,4.979
matched,2154434.6900318824,14.0,3.491
matched,4641588.833612773,14.0,2.347
matched,10000000.0,14.0,1.701
matched,1000.0,15.0,18.459
matched,2154.4346900318847,15.0,17.439
matched,4641.588833612777,15.0,16.107
matched,10000.0,15.0,14.961
matched,21544.346900318822,15.0,13.615
matched,46415.888336127726,15.0,12.986
matched,100000.0,15.0,11.327
matched,215443.46900318822,15.0,10.01
matched,464158.8833612772,15.0,7.683
matched,1000000.0,15.0,5.244
matched,2154434.6900318824,15.0,3.631
matched,4641588.833612773,15.0,2.436
matched,10000000.0,15.0,1.754
matched,1000.0,16.0,19.554
matched,2154.4346900318847,16.0,18.468
matched,4641.588833612777,16.0,17.049
matched,10000.0,16.0,15.834
matched,21544.346900318822,16.0,14.405
matched,46415.888336127726,16.0,13.737
matched,100000.0,16.0,11.981
matched,215443.46900318822,16.0,10.576
matched,464158.8833612772,16.0,8.097
matched,1000000.0,16.0,5.502
matched,2154434.6900318824,16.0,3.772
matched,4641588.833612773,16.0,2.519
matched,10000000.0,16.0,1.807
matched,1000.0,17.0,20.649
matched,2154.4346900318847,17.0,19.5
matched,4641.588833612777,17.0,18.0
matched,10000.0,17.0,16.712
matched,21544.346900318822,17.0,15.2
matched,46415.888336127726,17.0,14.493
matched,100000.0,17.0,12.629
matched,215443.46900318822,17.0,11.132
matched,464158.8833612772,17.0,8.514
matched,1000000.0,17.0,5.756
matched,2154434.6900318824,17.0,3.89
matched,4641588.833612773,17.0,2.598
matched,10000000.0,17.0,1.862
matched,1000.0,18.0,21.728
matched,2154.4346900318847,18.0,20.518
matched,4641.588833612777,18.0,18.946
matched,10000.0,18.0,17.59
matched,21544.346900318822,18.0,15.99
matched,46415.888336127726,18.0,15.244
matched,100000.0,18.0,13.278
matched,215443.46900318822,18.0,11.693
matched,464158.8833612772,18.0,8.925
matched,1000000.0,18.0,6.007
matched,2154434.6900318824,18.0,4.005
matched,4641588.833612773,18.0,2.671
matched,10000000.0,18.0,1.91
matched,1000.0,19.0,22.821
matched,2154.4346900318847,19.0,21.552
matched,4641.588833612777,19.0,19.893
matched,10000.0,19.0,18.463
matched,21544.346900318822,19.0,16.785
matched,46415.888336127726,19.0,15.995
matched,100000.0,19.0,13.932
matched,215443.46900318822,19.0,12.244
matched,464158.8833612772,19.0,9.342
matched,1000000.0,19.0,6.258
matched,2154434.6900318824,19.0,4.118
matched,4641588.833612773,19.0,2.742
matched,10000000.0,19.0,1.955
matched,1000.0,20.0,23.914
matched,2154.4346900318847,20.0,22.577
matched,4641.588833612777,20.0,20.84
matched,10000.0,20.0,19.339
matched,21544.346900318822,20.0,17.576
matched,46415.888336127726,20.0,16.746
matched,100000.0,20.0,14.576
matched,215443.46900318822,20.0,12.8
matched,464158.8833612772,20.0,9.75
matched,1000000.0,20.0,6.511
matched,2154434.6900318824,20.0,4.241
matched,4641588.833612773,20.0,2.813
matched,10000000.0,20.0,2.0
